<?xml version="1.0" encoding="UTF-8" standalone="yes"?>
<addon id="repository.androidtvgeek" name="TVGeek Addon Repository" version="2016.11.14" provider-name="TVGeek">
	<extension point="xbmc.addon.repository" name="TVGeek Addon Repository">
		<info compressed="false">http://repository.androidtvgeek.com/zips/addons.xml</info>
		<checksum>http://repository.androidtvgeek.com/zips/addons.xml.md5</checksum>
		<datadir zip="true">http://repository.androidtvgeek.com/zips</datadir>
	</extension>
	<extension point="xbmc.addon.metadata">
		<summary>Install my Addons</summary>
		<description>Download and install addons from AndroidTVGeek</description>
		<platform>all</platform>
	</extension>
</addon>